Workbook

Sheet Student_Data
A1: Full Name | B1: First Name | C1: Last name | D1: Roll Number | E1: FROM | F1: Class | G1: Science | H1: Maths | I1: Hindi | J1: Total Sum | K1: Pass/Failed | L1: Avarage | M1: Maximum | N1: Minimum
A2: Rahul Verma | B2: Rahul | C2: Verma | D2: 1 | E2: Delhi | F2: 9 | G2: =RANDBETWEEN(30,60) -> 39 | H2: =RANDBETWEEN(20,40) -> 22 | I2: =RANDBETWEEN(40,60) -> 58 | J2: =SUM(G2, H2, I2) -> 119 | K2: =IF(J2>=120, "Pass", "Fail") -> Fail | L2: =AVERAGE(J2) -> 119 | M2: =MAX(Mark_Analyis!G2,Mark_Analyis!I2) -> 42 | N2: =MIN(Mark_Analyis!H2,Mark_Analyis!G2) -> 30
A3: Neha Sharma | B3: Neha | C3: Sharma | D3: 2 | E3: Mumbai | F3: 9 | G3: =RANDBETWEEN(30,60) -> 43 | H3: =RANDBETWEEN(20,40) -> 26 | I3: =RANDBETWEEN(40,60) -> 40 | J3: =SUM(G3, H3, I3) -> 109 | K3: =IF(J3>=120, "Pass", "Fail") -> Fail | L3: =AVERAGE(J3) -> 109 | M3: =MAX(Mark_Analyis!G3,Mark_Analyis!I3) -> 60 | N3: =MIN(Mark_Analyis!H3,Mark_Analyis!G3) -> 32
A4: Aman Khan | B4: Aman | C4: Khan | D4: 3 | E4: Delhi | F4: 9 | G4: 46 | H4: 39 | I4: =RANDBETWEEN(40,60) -> 56 | J4: =SUM(G4, H4, I4) -> 141 | K4: =IF(J4>=120, "Pass", "Fail") -> Pass | L4: =AVERAGE(J4) -> 141 | M4: =MAX(Mark_Analyis!G4,Mark_Analyis!I4) -> 46 | N4: =MIN(Mark_Analyis!H4,Mark_Analyis!G4) -> 39
A5: Pooja Patel | B5: Pooja | C5: Patel | D5: 4 | E5: Bhilai | F5: 9 | G5: =RANDBETWEEN(30,60) -> 47 | H5: =RANDBETWEEN(20,40) -> 22 | I5: =RANDBETWEEN(40,60) -> 47 | J5: =SUM(G5, H5, I5) -> 116 | K5: =IF(J5>=120, "Pass", "Fail") -> Fail | L5: =AVERAGE(J5) -> 116 | M5: =MAX(Mark_Analyis!G5,Mark_Analyis!I5) -> 59 | N5: =MIN(Mark_Analyis!H5,Mark_Analyis!G5) -> 38
A6: Suresh Das | B6: Suresh | C6: Das | D6: 5 | E6: Pune | F6: 9 | G6: =RANDBETWEEN(30,60) -> 60 | H6: =RANDBETWEEN(20,40) -> 34 | I6: =RANDBETWEEN(40,60) -> 60 | J6: =SUM(G6, H6, I6) -> 154 | K6: =IF(J6>=120, "Pass", "Fail") -> Pass | L6: =AVERAGE(J6) -> 154 | M6: =MAX(Mark_Analyis!G6,Mark_Analyis!I6) -> 55 | N6: =MIN(Mark_Analyis!H6,Mark_Analyis!G6) -> 38
A7: Ankit Singh | B7: Ankit | C7: Singh | D7: 6 | E7: Mumbai | F7: 9 | G7: =RANDBETWEEN(30,60) -> 46 | H7: =RANDBETWEEN(20,40) -> 21 | I7: =RANDBETWEEN(40,60) -> 57 | J7: =SUM(G7, H7, I7) -> 124 | K7: =IF(J7>=120, "Pass", "Fail") -> Pass | L7: =AVERAGE(J7) -> 124 | M7: =MAX(Mark_Analyis!G7,Mark_Analyis!I7) -> 43 | N7: =MIN(Mark_Analyis!H7,Mark_Analyis!G7) -> 23
A8: Riya Gupta | B8: Riya | C8: Gupta | D8: 7 | E8: Bhilai | F8: 9 | G8: =RANDBETWEEN(30,60) -> 38 | H8: =RANDBETWEEN(20,40) -> 27 | I8: =RANDBETWEEN(40,60) -> 50 | J8: =SUM(G8, H8, I8) -> 115 | K8: =IF(J8>=120, "Pass", "Fail") -> Fail | L8: =AVERAGE(J8) -> 115 | M8: =MAX(Mark_Analyis!G8,Mark_Analyis!I8) -> 58 | N8: =MIN(Mark_Analyis!H8,Mark_Analyis!G8) -> 26
A9: Mohit Jain | B9: Mohit | C9: Jain | D9: 8 | E9: Delhi | F9: 9 | G9: =RANDBETWEEN(30,60) -> 37 | H9: =RANDBETWEEN(20,40) -> 26 | I9: =RANDBETWEEN(40,60) -> 42 | J9: =SUM(G9, H9, I9) -> 105 | K9: =IF(J9>=120, "Pass", "Fail") -> Fail | L9: =AVERAGE(J9) -> 105 | M9: =MAX(Mark_Analyis!G9,Mark_Analyis!I9) -> 43 | N9: =MIN(Mark_Analyis!H9,Mark_Analyis!G9) -> 21
A10: Sneha Iyer | B10: Sneha | C10: Iyer | D10: 9 | E10: Pune | F10: 9 | G10: =RANDBETWEEN(30,60) -> 53 | H10: =RANDBETWEEN(20,40) -> 21 | I10: =RANDBETWEEN(40,60) -> 47 | J10: =SUM(G10, H10, I10) -> 121 | K10: =IF(J10>=120, "Pass", "Fail") -> Pass | L10: =AVERAGE(J10) -> 121 | M10: =MAX(Mark_Analyis!G10,Mark_Analyis!I10) -> 55 | N10: =MIN(Mark_Analyis!H10,Mark_Analyis!G10) -> 20
A11: Karan Malhotra | B11: Karan | C11: Malhotra | D11: 10 | E11: Bhilai | F11: 9 | G11: =RANDBETWEEN(30,60) -> 39 | H11: =RANDBETWEEN(20,40) -> 30 | I11: =RANDBETWEEN(40,60) -> 56 | J11: =SUM(G11, H11, I11) -> 125 | K11: =IF(J11>=120, "Pass", "Fail") -> Pass | L11: =AVERAGE(J11) -> 125 | M11: =MAX(Mark_Analyis!G11,Mark_Analyis!I11) -> 43 | N11: =MIN(Mark_Analyis!H11,Mark_Analyis!G11) -> 32
A12: Aditi Rao | B12: Aditi | C12: Rao | D12: 11 | E12: Mumbai | F12: 9 | G12: =RANDBETWEEN(30,60) -> 44 | H12: =RANDBETWEEN(20,40) -> 36 | I12: =RANDBETWEEN(40,60) -> 47 | J12: =SUM(G12, H12, I12) -> 127 | K12: =IF(J12>=120, "Pass", "Fail") -> Pass | L12: =AVERAGE(J12) -> 127 | M12: =MAX(Mark_Analyis!G12,Mark_Analyis!I12) -> 53 | N12: =MIN(Mark_Analyis!H12,Mark_Analyis!G12) -> 25
A13: Nikhil Pawar | B13: Nikhil | C13: Pawar | D13: 12 | E13: Delhi | F13: 9 | G13: 33 | H13: =RANDBETWEEN(20,40) -> 31 | I13: =RANDBETWEEN(40,60) -> 42 | J13: =SUM(G13, H13, I13) -> 106 | K13: =IF(J13>=120, "Pass", "Fail") -> Fail | L13: =AVERAGE(J13) -> 106 | M13: =MAX(Mark_Analyis!G13,Mark_Analyis!I13) -> 48 | N13: =MIN(Mark_Analyis!H13,Mark_Analyis!G13) -> 26
A14: Simran Kaur | B14: Simran | C14: Kaur | D14: 13 | E14: Mumbai | F14: 9 | G14: =RANDBETWEEN(30,60) -> 42 | H14: =RANDBETWEEN(20,40) -> 31 | I14: =RANDBETWEEN(40,60) -> 60 | J14: =SUM(G14, H14, I14) -> 133 | K14: =IF(J14>=120, "Pass", "Fail") -> Pass | L14: =AVERAGE(J14) -> 133 | M14: =MAX(Mark_Analyis!G14,Mark_Analyis!I14) -> 50 | N14: =MIN(Mark_Analyis!H14,Mark_Analyis!G14) -> 37
A15: Arjun Mehta | B15: Arjun | C15: Mehta | D15: 14 | E15: Pune | F15: 9 | G15: =RANDBETWEEN(30,60) -> 37 | H15: =RANDBETWEEN(20,40) -> 31 | I15: =RANDBETWEEN(40,60) -> 52 | J15: =SUM(G15, H15, I15) -> 120 | K15: =IF(J15>=120, "Pass", "Fail") -> Pass | L15: =AVERAGE(J15) -> 120 | M15: =MAX(Mark_Analyis!G15,Mark_Analyis!I15) -> 48 | N15: =MIN(Mark_Analyis!H15,Mark_Analyis!G15) -> 33
A16: Kavya Nair | B16: Kavya | C16: Nair | D16: 15 | E16: Bhilai | F16: 9 | G16: =RANDBETWEEN(30,60) -> 49 | H16: =RANDBETWEEN(20,40) -> 33 | I16: =RANDBETWEEN(40,60) -> 51 | J16: =SUM(G16, H16, I16) -> 133 | K16: =IF(J16>=120, "Pass", "Fail") -> Pass | L16: =AVERAGE(J16) -> 133 | M16: 57 | N16: =MAX(Mark_Analyis!G16,Mark_Analyis!I16) -> 52
E20: Count Delhi
E21: =COUNTIF(E2:E16,"Delhi") -> 4

Sheet Mark_Analyis
A1: Full Name | B1: First Name | C1: Last name | D1: Roll Number | E1: From | F1: Class | G1: Science | H1: Maths | I1: Hindi | J1: Total Sum | K1: Pass/Failed | L1: Avarage | M1: Maximum | N1: Minimum
A2: Tejas kumar yadaw | B2: =LEFT(A2, FIND(" ", A2)-1) -> Tejas | C2: =RIGHT(A2,LEN(A2)-FIND(" ",A2)) -> kumar yadaw | D2: RU-CSE-01 | E2: Delhi | F2: 9 | G2: =RANDBETWEEN(30,60) -> 30 | H2: =RANDBETWEEN(20,40) -> 30 | I2: =RANDBETWEEN(40,60) -> 42 | J2: =SUM(G2, H2, I2) -> 102 | K2: =IF(J2>=120, "Pass", "Fail") -> Fail | L2: =AVERAGE(G2:I2) -> 34 | M2: =MAX(Mark_Analyis!G2,Mark_Analyis!I2) -> 42 | N2: =MIN(Mark_Analyis!H2,Mark_Analyis!G2) -> 30
A3: Rohit sharma | B3: =LEFT(A3, FIND(" ", A3)-1) -> Rohit | C3: =RIGHT(A3,LEN(A3)-FIND(" ",A3)) -> sharma | D3: RU-CSE-02 | E3: Mumbai | F3: 9 | G3: =RANDBETWEEN(30,60) -> 39 | H3: =RANDBETWEEN(20,40) -> 32 | I3: =RANDBETWEEN(40,60) -> 60 | J3: =SUM(G3, H3, I3) -> 131 | K3: =IF(J3>=120, "Pass", "Fail") -> Pass | L3: =AVERAGE(G3:I3) -> 43.666667 | M3: =MAX(Mark_Analyis!G3,Mark_Analyis!I3) -> 60 | N3: =MIN(Mark_Analyis!H3,Mark_Analyis!G3) -> 32
A4: Virat Kohli | B4: =LEFT(A4, FIND(" ", A4)-1) -> Virat | C4: =RIGHT(A4,LEN(A4)-FIND(" ",A4)) -> Kohli | D4: RU-CSE-03 | E4: Delhi | F4: 9 | G4: 46 | H4: 39 | I4: =RANDBETWEEN(40,60) -> 40 | J4: =SUM(G4, H4, I4) -> 125 | K4: =IF(J4>=120, "Pass", "Fail") -> Pass | L4: =AVERAGE(G4:I4) -> 41.666667 | M4: =MAX(Mark_Analyis!G4,Mark_Analyis!I4) -> 46 | N4: =MIN(Mark_Analyis!H4,Mark_Analyis!G4) -> 39
A5: Hardik pandya | B5: =LEFT(A5, FIND(" ", A5)-1) -> Hardik | C5: =RIGHT(A5,LEN(A5)-FIND(" ",A5)) -> pandya | D5: RU-CSE-04 | E5: Bhilai | F5: 9 | G5: =RANDBETWEEN(30,60) -> 59 | H5: =RANDBETWEEN(20,40) -> 38 | I5: =RANDBETWEEN(40,60) -> 59 | J5: =SUM(G5, H5, I5) -> 156 | K5: =IF(J5>=120, "Pass", "Fail") -> Pass | L5: =AVERAGE(G5:I5) -> 52 | M5: =MAX(Mark_Analyis!G5,Mark_Analyis!I5) -> 59 | N5: =MIN(Mark_Analyis!H5,Mark_Analyis!G5) -> 38
A6: Surya kumar Yadav | B6: =LEFT(A6, FIND(" ", A6)-1) -> Surya | C6: =RIGHT(A6,LEN(A6)-FIND(" ",A6)) -> kumar Yadav | D6: RU-CSE-05 | E6: Pune | F6: 9 | G6: =RANDBETWEEN(30,60) -> 55 | H6: =RANDBETWEEN(20,40) -> 38 | I6: =RANDBETWEEN(40,60) -> 51 | J6: =SUM(G6, H6, I6) -> 144 | K6: =IF(J6>=120, "Pass", "Fail") -> Pass | L6: =AVERAGE(G6:I6) -> 48 | M6: =MAX(Mark_Analyis!G6,Mark_Analyis!I6) -> 55 | N6: =MIN(Mark_Analyis!H6,Mark_Analyis!G6) -> 38
A7: Tilak varma | B7: =LEFT(A7, FIND(" ", A7)-1) -> Tilak | C7: =RIGHT(A7,LEN(A7)-FIND(" ",A7)) -> varma | D7: RU-CSE-06 | E7: Mumbai | F7: 9 | G7: =RANDBETWEEN(30,60) -> 41 | H7: =RANDBETWEEN(20,40) -> 23 | I7: =RANDBETWEEN(40,60) -> 43 | J7: =SUM(G7, H7, I7) -> 107 | K7: =IF(J7>=120, "Pass", "Fail") -> Fail | L7: =AVERAGE(G7:I7) -> 35.666667 | M7: =MAX(Mark_Analyis!G7,Mark_Analyis!I7) -> 43 | N7: =MIN(Mark_Analyis!H7,Mark_Analyis!G7) -> 23
A8: Jasprit bumrah | B8: =LEFT(A8, FIND(" ", A8)-1) -> Jasprit | C8: =RIGHT(A8,LEN(A8)-FIND(" ",A8)) -> bumrah | D8: RU-CSE-07 | E8: Bhilai | F8: 9 | G8: =RANDBETWEEN(30,60) -> 58 | H8: =RANDBETWEEN(20,40) -> 26 | I8: =RANDBETWEEN(40,60) -> 56 | J8: =SUM(G8, H8, I8) -> 140 | K8: =IF(J8>=120, "Pass", "Fail") -> Pass | L8: =AVERAGE(G8:I8) -> 46.666667 | M8: =MAX(Mark_Analyis!G8,Mark_Analyis!I8) -> 58 | N8: =MIN(Mark_Analyis!H8,Mark_Analyis!G8) -> 26
A9: Kuldeep yadav | B9: =LEFT(A9, FIND(" ", A9)-1) -> Kuldeep | C9: =RIGHT(A9,LEN(A9)-FIND(" ",A9)) -> yadav | D9: RU-CSE-08 | E9: Delhi | F9: 9 | G9: =RANDBETWEEN(30,60) -> 30 | H9: =RANDBETWEEN(20,40) -> 21 | I9: =RANDBETWEEN(40,60) -> 43 | J9: =SUM(G9, H9, I9) -> 94 | K9: =IF(J9>=120, "Pass", "Fail") -> Fail | L9: =AVERAGE(G9:I9) -> 31.333333 | M9: =MAX(Mark_Analyis!G9,Mark_Analyis!I9) -> 43 | N9: =MIN(Mark_Analyis!H9,Mark_Analyis!G9) -> 21
A10: Rinku singh | B10: =LEFT(A10, FIND(" ", A10)-1) -> Rinku | C10: =RIGHT(A10,LEN(A10)-FIND(" ",A10)) -> singh | D10: RU-CSE-09 | E10: Pune | F10: 9 | G10: =RANDBETWEEN(30,60) -> 55 | H10: =RANDBETWEEN(20,40) -> 20 | I10: =RANDBETWEEN(40,60) -> 46 | J10: =SUM(G10, H10, I10) -> 121 | K10: =IF(J10>=120, "Pass", "Fail") -> Pass | L10: =AVERAGE(G10:I10) -> 40.333333 | M10: =MAX(Mark_Analyis!G10,Mark_Analyis!I10) -> 55 | N10: =MIN(Mark_Analyis!H10,Mark_Analyis!G10) -> 20
A11: shivam dube | B11: =LEFT(A11, FIND(" ", A11)-1) -> shivam | C11: =RIGHT(A11,LEN(A11)-FIND(" ",A11)) -> dube | D11: RU-CSE-10 | E11: Bhilai | F11: 9 | G11: =RANDBETWEEN(30,60) -> 32 | H11: =RANDBETWEEN(20,40) -> 32 | I11: =RANDBETWEEN(40,60) -> 43 | J11: =SUM(G11, H11, I11) -> 107 | K11: =IF(J11>=120, "Pass", "Fail") -> Fail | L11: =AVERAGE(G11:I11) -> 35.666667 | M11: =MAX(Mark_Analyis!G11,Mark_Analyis!I11) -> 43 | N11: =MIN(Mark_Analyis!H11,Mark_Analyis!G11) -> 32
A12: Abhishek sharma | B12: =LEFT(A12, FIND(" ", A12)-1) -> Abhishek | C12: =RIGHT(A12,LEN(A12)-FIND(" ",A12)) -> sharma | D12: RU-CSE-11 | E12: Mumbai | F12: 9 | G12: =RANDBETWEEN(30,60) -> 37 | H12: =RANDBETWEEN(20,40) -> 25 | I12: =RANDBETWEEN(40,60) -> 53 | J12: =SUM(G12, H12, I12) -> 115 | K12: =IF(J12>=120, "Pass", "Fail") -> Fail | L12: =AVERAGE(G12:I12) -> 38.333333 | M12: =MAX(Mark_Analyis!G12,Mark_Analyis!I12) -> 53 | N12: =MIN(Mark_Analyis!H12,Mark_Analyis!G12) -> 25
A13: Sanju samson | B13: =LEFT(A13, FIND(" ", A13)-1) -> Sanju | C13: =RIGHT(A13,LEN(A13)-FIND(" ",A13)) -> samson | D13: RU-CSE-12 | E13: Delhi | F13: 9 | G13: 33 | H13: =RANDBETWEEN(20,40) -> 26 | I13: =RANDBETWEEN(40,60) -> 48 | J13: =SUM(G13, H13, I13) -> 107 | K13: =IF(J13>=120, "Pass", "Fail") -> Fail | L13: =AVERAGE(G13:I13) -> 35.666667 | M13: =MAX(Mark_Analyis!G13,Mark_Analyis!I13) -> 48 | N13: =MIN(Mark_Analyis!H13,Mark_Analyis!G13) -> 26
A14: KL Rahul | B14: =LEFT(A14, FIND(" ", A14)-1) -> KL | C14: =RIGHT(A14,LEN(A14)-FIND(" ",A14)) -> Rahul | D14: RU-CSE-13 | E14: Mumbai | F14: 9 | G14: =RANDBETWEEN(30,60) -> 42 | H14: =RANDBETWEEN(20,40) -> 37 | I14: =RANDBETWEEN(40,60) -> 50 | J14: =SUM(G14, H14, I14) -> 129 | K14: =IF(J14>=120, "Pass", "Fail") -> Pass | L14: =AVERAGE(G14:I14) -> 43 | M14: =MAX(Mark_Analyis!G14,Mark_Analyis!I14) -> 50 | N14: =MIN(Mark_Analyis!H14,Mark_Analyis!G14) -> 37
A15: Rishabh Pant | B15: =LEFT(A15, FIND(" ", A15)-1) -> Rishabh | C15: =RIGHT(A15,LEN(A15)-FIND(" ",A15)) -> Pant | D15: RU-CSE-14 | E15: Pune | F15: 9 | G15: =RANDBETWEEN(30,60) -> 48 | H15: =RANDBETWEEN(20,40) -> 33 | I15: =RANDBETWEEN(40,60) -> 48 | J15: =SUM(G15, H15, I15) -> 129 | K15: =IF(J15>=120, "Pass", "Fail") -> Pass | L15: =AVERAGE(G15:I15) -> 43 | M15: =MAX(Mark_Analyis!G15,Mark_Analyis!I15) -> 48 | N15: =MIN(Mark_Analyis!H15,Mark_Analyis!G15) -> 33
A16: Jitesh Sharma | B16: =LEFT(A16, FIND(" ", A16)-1) -> Jitesh | C16: =RIGHT(A16,LEN(A16)-FIND(" ",A16)) -> Sharma | D16: RU-CSE-15 | E16: Bhilai | F16: 9 | G16: =RANDBETWEEN(30,60) -> 43 | H16: =RANDBETWEEN(20,40) -> 38 | I16: =RANDBETWEEN(40,60) -> 52 | J16: =SUM(G16, H16, I16) -> 133 | K16: =IF(J16>=120, "Pass", "Fail") -> Pass | L16: =AVERAGE(G16:I16) -> 44.333333 | M16: 57 | N16: =MAX(Mark_Analyis!G16,Mark_Analyis!I16) -> 52

Sheet Data
